cost,travel_time,tardiness,over_time,is_valid,scenario_id,random_seed,repetition,comp_time,num_vehicles,num_orders,num_accepted_orders,num_reauctions,num_unsuc_reauctions,num_failed_reauctions,pickup_tardiness,delivery_tardiness,travel_distance,moved_vehicles,num_delivered_orders
15406.6578,14955.73415,431.457,19.46665,true,DEFAULT-,5519470499984739720,0,1121431,626,1120,1120,24,5,0,215.72815,215.72885,4175.452020999097,551,1120
15458.199116666668,14962.085133333334,476.64733333333334,19.46665,true,DEFAULT-,-570648509535936272,0,1120717,626,1120,1120,23,6,0,238.32333333333332,238.324,4177.019898999195,551,1120
15380.684033333333,14939.089966666666,415.0899333333333,26.504133333333332,true,DEFAULT-,-5814032274792701469,0,1121052,626,1120,1120,23,4,0,207.54466666666667,207.54526666666666,4171.702878999249,551,1120
15184.093766666667,14933.856733333334,250.23703333333333,0.0,true,DEFAULT-,5519470499984739720,0,1120984,625,1119,1119,10,1,0,125.1181,125.11893333333333,4226.0607144095575,558,1119
15222.466866666668,14931.65535,290.81151666666665,0.0,true,DEFAULT-,-570648509535936272,0,1119429,625,1119,1119,11,2,0,145.4054,145.40611666666666,4227.574390409446,560,1119
15186.6697,14920.104383333333,266.56531666666666,0.0,true,DEFAULT-,-5814032274792701469,0,1119898,625,1119,1119,11,2,0,133.28228333333334,133.28303333333332,4222.55321740919,559,1119
15746.093466666667,15260.66655,485.42691666666667,0.0,true,DEFAULT-,5519470499984739720,0,1111585,625,1119,1119,20,2,0,242.71265,242.71426666666667,4294.3445390020015,549,1119
15817.596566666667,15272.43305,545.1635166666666,0.0,true,DEFAULT-,-570648509535936272,0,1113061,625,1119,1119,20,3,0,272.58093333333335,272.58258333333333,4297.070215002076,549,1119
15746.2518,15260.66655,485.58525,0.0,true,DEFAULT-,-5814032274792701469,0,1112049,625,1119,1119,20,2,0,242.79181666666668,242.79343333333333,4294.344539002001,549,1119
