cost,travel_time,tardiness,over_time,is_valid,scenario_id,random_seed,repetition,comp_time,num_vehicles,num_orders,num_accepted_orders,num_reauctions,num_unsuc_reauctions,num_failed_reauctions,pickup_tardiness,delivery_tardiness,travel_distance,moved_vehicles,num_delivered_orders
8753.433583333333,8544.7765,207.6946,0.9624833333333334,true,DEFAULT-,5519470499984739720,0,3835893,313,560,560,0,0,0,103.84708333333333,103.84751666666666,2349.4923417019454,304,560
8981.642233333334,8662.30175,319.34048333333334,0.0,true,DEFAULT-,-570648509535936272,0,3607374,313,560,560,0,0,0,159.66993333333335,159.67055,2387.0473283462147,307,560
8943.63545,8688.077533333333,255.55791666666667,0.0,true,DEFAULT-,-5814032274792701469,0,3607600,313,560,560,0,0,0,127.77876666666667,127.77915,2387.8604093511854,307,560
8948.457883333334,8700.1597,236.13571666666667,12.162466666666667,true,DEFAULT-,5519470499984739720,0,3682065,312,559,559,0,0,0,118.06768333333333,118.06803333333333,2416.8859744270544,311,559
8913.832233333334,8725.781783333334,188.05045,0.0,true,DEFAULT-,-570648509535936272,0,3688497,312,559,559,0,0,0,94.02495,94.0255,2424.132345674348,309,559
8929.604933333334,8718.229883333333,211.37505,0.0,true,DEFAULT-,-5814032274792701469,0,3641251,312,559,559,0,0,0,105.68738333333333,105.68766666666667,2419.3993276881224,309,559
9206.017733333332,8876.634616666666,328.5289666666667,0.85415,true,DEFAULT-,5519470499984739720,0,3689543,312,559,559,0,0,0,164.26386666666667,164.2651,2461.7470425979923,308,559
9190.839266666668,8896.718783333334,293.38716666666664,0.7333166666666666,true,DEFAULT-,-570648509535936272,0,3800125,312,559,559,0,0,0,146.69331666666668,146.69385,2463.8511437324314,308,559
9355.421666666667,9001.0357,354.38596666666666,0.0,true,DEFAULT-,-5814032274792701469,0,3828333,312,559,559,0,0,0,177.19261666666668,177.19335,2502.5578734922024,308,559
