cost,travel_time,tardiness,over_time,is_valid,scenario_id,random_seed,repetition,comp_time,num_vehicles,num_orders,num_accepted_orders,num_reauctions,num_unsuc_reauctions,num_failed_reauctions,pickup_tardiness,delivery_tardiness,travel_distance,moved_vehicles,num_delivered_orders
7665.356183333334,7595.41005,63.604483333333334,6.34165,true,DEFAULT-,5519470499984739720,0,459475,313,560,560,7,0,0,31.80215,31.802333333333333,2115.4167565017533,281,560
7665.356183333334,7595.41005,63.604483333333334,6.34165,true,DEFAULT-,-570648509535936272,0,458469,313,560,560,7,0,0,31.80215,31.802333333333333,2115.4167565017533,278,560
7665.356183333334,7595.41005,63.604483333333334,6.34165,true,DEFAULT-,-5814032274792701469,0,458522,313,560,560,7,0,0,31.80215,31.802333333333333,2115.4167565017533,281,560
7713.1779166666665,7679.7481,33.42981666666667,0.0,true,DEFAULT-,5519470499984739720,0,461324,312,559,559,5,0,0,16.714933333333335,16.714883333333333,2159.878814001092,277,559
7713.1779166666665,7679.7481,33.42981666666667,0.0,true,DEFAULT-,-570648509535936272,0,461506,312,559,559,5,0,0,16.714933333333335,16.714883333333333,2159.878814001092,280,559
7713.18625,7679.7481,33.43815,0.0,true,DEFAULT-,-5814032274792701469,0,460860,312,559,559,5,0,0,16.7191,16.71905,2159.878814001091,278,559
7885.93445,7841.591516666666,37.69295,6.649983333333333,true,DEFAULT-,5519470499984739720,0,456146,312,559,559,5,0,0,18.84635,18.8466,2193.3884549982404,275,559
7885.9261166666665,7841.591516666666,37.68461666666666,6.649983333333333,true,DEFAULT-,-570648509535936272,0,456502,312,559,559,5,0,0,18.842183333333335,18.842433333333332,2193.38845499824,275,559
