cost,travel_time,tardiness,over_time,is_valid,scenario_id,random_seed,repetition,comp_time,num_vehicles,num_orders,num_accepted_orders,num_reauctions,num_unsuc_reauctions,num_failed_reauctions,pickup_tardiness,delivery_tardiness,travel_distance,moved_vehicles,num_delivered_orders
7618.35395,7594.533933333333,17.478366666666666,6.34165,true,DEFAULT-,5519470499984739720,0,459926,313,560,560,7,0,0,8.739116666666666,8.73925,2115.2575635017724,281,560
7618.3456166666665,7594.533933333333,17.470033333333333,6.34165,true,DEFAULT-,-570648509535936272,0,460686,313,560,560,7,0,0,8.73495,8.735083333333334,2115.257563501773,278,560
7618.3456166666665,7594.533933333333,17.470033333333333,6.34165,true,DEFAULT-,-5814032274792701469,0,460986,313,560,560,7,0,0,8.73495,8.735083333333334,2115.2575635017724,281,560
7776.45545,7689.058433333334,87.39701666666667,0.0,true,DEFAULT-,5519470499984739720,0,465714,312,559,559,5,2,0,43.69851666666667,43.6985,2164.165960001114,278,559
7675.662966666667,7675.662966666667,0.0,0.0,true,DEFAULT-,-570648509535936272,0,463763,312,559,559,5,0,0,0.0,0.0,2159.0427430012014,280,559
7675.662966666667,7675.662966666667,0.0,0.0,true,DEFAULT-,-5814032274792701469,0,463728,312,559,559,5,0,0,0.0,0.0,2159.042743001201,278,559
7849.956483333333,7841.591516666666,1.7108166666666667,6.65415,true,DEFAULT-,5519470499984739720,0,457863,312,559,559,5,0,0,0.8554166666666667,0.8554,2193.3884549982404,275,559
7849.952316666667,7841.591516666666,1.7108166666666667,6.649983333333333,true,DEFAULT-,-570648509535936272,0,457798,312,559,559,5,0,0,0.8554166666666667,0.8554,2193.3884549982404,275,559
7849.956483333333,7841.591516666666,1.7108166666666667,6.65415,true,DEFAULT-,-5814032274792701469,0,457072,312,559,559,5,0,0,0.8554166666666667,0.8554,2193.3884549982395,277,559
