cost,travel_time,tardiness,over_time,is_valid,scenario_id,random_seed,repetition,comp_time,num_vehicles,num_orders,num_accepted_orders,num_reauctions,num_unsuc_reauctions,num_failed_reauctions,pickup_tardiness,delivery_tardiness,travel_distance,moved_vehicles,num_delivered_orders
12018.563233333332,11933.362833333333,85.2004,0.0,true,DEFAULT-,5519470499984739720,0,1268800,626,1120,1120,82,57,0,36.60805,48.59235,3266.929485999804,488,1120
12202.96655,12004.477083333333,198.48946666666666,0.0,true,DEFAULT-,-570648509535936272,0,1165129,626,1120,1120,83,54,0,105.79793333333333,92.69153333333334,3296.366310999621,487,1120
12137.847883333334,11973.513333333334,164.33455,0.0,true,DEFAULT-,-5814032274792701469,0,1282127,626,1120,1120,82,56,0,63.2693,101.06525,3274.56876200001,482,1120
12030.29225,11975.091183333334,55.20106666666667,0.0,true,DEFAULT-,-570648509535936272,0,1336228,625,1119,1119,80,59,1,31.525516666666668,23.67555,3277.9879788023995,493,1119
12115.581633333333,12022.887,92.69463333333333,0.0,true,DEFAULT-,-5814032274792701469,0,1322765,625,1119,1119,74,56,0,47.11761666666666,45.577016666666665,3291.6152330013792,488,1119
12297.564133333333,12171.3051,126.25903333333333,0.0,true,DEFAULT-,5519470499984739720,0,1490084,625,1119,1119,90,69,0,57.7568,68.50223333333334,3334.9013484967554,486,1119
12216.756366666668,12139.727,77.02936666666666,0.0,true,DEFAULT-,-5814032274792701469,0,1376949,625,1119,1119,78,61,0,51.045033333333336,25.984333333333332,3337.0349175024453,483,1119
12116.014816666668,12017.23365,98.78116666666666,0.0,true,DEFAULT-,5519470499984739720,0,1206646,625,1119,1119,84,64,0,51.44526666666667,47.3359,3279.8985120010902,489,1119
12377.820383333332,12301.67695,76.14343333333333,0.0,true,DEFAULT-,-570648509535936272,0,1482588,625,1119,1119,85,60,1,40.29795,35.845483333333334,3369.384292501885,485,1119
