cost,travel_time,tardiness,over_time,is_valid,scenario_id,random_seed,repetition,comp_time,num_vehicles,num_orders,num_accepted_orders,num_reauctions,num_unsuc_reauctions,num_failed_reauctions,pickup_tardiness,delivery_tardiness,travel_distance,moved_vehicles,num_delivered_orders
14937.222566666665,14902.146783333334,9.729983333333333,25.3458,true,DEFAULT-,5519470499984739720,0,1620597,626,1120,1120,0,0,0,4.865,4.864983333333333,4162.468994999492,554,1120
14929.4419,14900.7911,9.729983333333333,18.920816666666667,true,DEFAULT-,-570648509535936272,0,1618373,626,1120,1120,0,0,0,4.865,4.864983333333333,4162.158502999594,550,1120
14935.866883333332,14900.7911,9.729983333333333,25.3458,true,DEFAULT-,-5814032274792701469,0,1620297,626,1120,1120,0,0,0,4.865,4.864983333333333,4162.158502999591,551,1120
14898.853166666666,14895.116966666666,3.7362,0.0,true,DEFAULT-,5519470499984739720,0,1627774,625,1119,1119,0,0,0,1.8681333333333334,1.8680666666666668,4214.874983409476,560,1119
14898.853166666666,14895.116966666666,3.7362,0.0,true,DEFAULT-,-570648509535936272,0,1628233,625,1119,1119,0,0,0,1.8681333333333334,1.8680666666666668,4214.874983409476,563,1119
14898.853166666666,14895.116966666666,3.7362,0.0,true,DEFAULT-,-5814032274792701469,0,1629709,625,1119,1119,0,0,0,1.8681333333333334,1.8680666666666668,4214.874983409478,562,1119
15240.63025,15202.666916666667,37.96333333333333,0.0,true,DEFAULT-,5519470499984739720,0,1615214,625,1119,1119,0,0,0,18.981666666666666,18.981666666666666,4283.475201998749,551,1119
15240.63025,15202.666916666667,37.96333333333333,0.0,true,DEFAULT-,-570648509535936272,0,1618290,625,1119,1119,0,0,0,18.981666666666666,18.981666666666666,4283.475201998748,550,1119
15240.63025,15202.666916666667,37.96333333333333,0.0,true,DEFAULT-,-5814032274792701469,0,1616861,625,1119,1119,0,0,0,18.981666666666666,18.981666666666666,4283.475201998749,547,1119
