cost,travel_time,tardiness,over_time,is_valid,scenario_id,random_seed,repetition,comp_time,num_vehicles,num_orders,num_accepted_orders,num_reauctions,num_unsuc_reauctions,num_failed_reauctions,pickup_tardiness,delivery_tardiness,travel_distance,moved_vehicles,num_delivered_orders
17204.934016666666,15856.705283333333,1323.1579333333334,25.0708,true,DEFAULT-,5519470499984739720,0,3706041,626,1120,1120,0,0,0,661.5778166666666,661.5801166666666,4399.049044785983,612,1120
17081.35768333333,15817.9978,1263.3598833333333,0.0,true,DEFAULT-,-570648509535936272,0,3789069,626,1120,1120,0,0,0,631.67875,631.6811333333334,4392.187597481009,610,1120
17364.271783333334,15924.171433333333,1440.10035,0.0,true,DEFAULT-,-5814032274792701469,0,3957295,626,1120,1120,0,0,0,720.0488333333333,720.0515166666667,4417.8730026109015,612,1120
17452.0388,15991.50115,1460.3251666666667,0.21248333333333333,true,DEFAULT-,5519470499984739720,0,3916287,625,1119,1119,0,0,0,730.1608166666666,730.16435,4485.118600655626,620,1119
17749.42325,16106.741116666666,1642.6821333333332,0.0,true,DEFAULT-,-570648509535936272,0,3858282,625,1119,1119,0,0,0,821.3394666666667,821.3426666666667,4520.001755385207,617,1119
17187.835000000003,15921.452183333333,1244.53285,21.849966666666667,true,DEFAULT-,-5814032274792701469,0,3920987,625,1119,1119,0,0,0,622.26545,622.2674,4475.115493031421,615,1119
17444.0266,16133.359166666667,1309.2966166666668,1.3708166666666666,true,DEFAULT-,5519470499984739720,0,3923374,625,1119,1119,0,0,0,654.64685,654.6497666666667,4518.546650016441,609,1119
17657.1006,16222.282416666667,1434.8181833333333,0.0,true,DEFAULT-,-570648509535936272,0,3827624,625,1119,1119,0,0,0,717.4075666666666,717.4106166666667,4535.9387914573035,614,1119
17517.503183333334,16162.04365,1355.4595333333334,0.0,true,DEFAULT-,-5814032274792701469,0,3864930,625,1119,1119,0,0,0,677.72785,677.7316833333333,4523.895440731919,610,1119
