cost,travel_time,tardiness,over_time,is_valid,scenario_id,random_seed,repetition,comp_time,num_vehicles,num_orders,num_accepted_orders,num_reauctions,num_unsuc_reauctions,num_failed_reauctions,pickup_tardiness,delivery_tardiness,travel_distance,moved_vehicles,num_delivered_orders
17204.934016666666,15856.705283333333,1323.1579333333334,25.0708,true,DEFAULT-,5519470499984739720,0,3706041,626,1120,1120,0,0,0,661.5778166666666,661.5801166666666,4399.049044785983,612,1120
17081.35768333333,15817.9978,1263.3598833333333,0.0,true,DEFAULT-,-570648509535936272,0,3789069,626,1120,1120,0,0,0,631.67875,631.6811333333334,4392.187597481009,610,1120
17364.271783333334,15924.171433333333,1440.10035,0.0,true,DEFAULT-,-5814032274792701469,0,3957295,626,1120,1120,0,0,0,720.0488333333333,720.0515166666667,4417.8730026109015,612,1120
