cost,travel_time,tardiness,over_time,is_valid,scenario_id,random_seed,repetition,comp_time,num_vehicles,num_orders,num_accepted_orders,num_reauctions,num_unsuc_reauctions,num_failed_reauctions,pickup_tardiness,delivery_tardiness,travel_distance,moved_vehicles,num_delivered_orders
17059.026466666666,16364.508166666667,694.5183,0.0,true,DEFAULT-,5519470499984739720,0,3879253,626,1120,1120,0,0,0,347.25845,347.25985,4525.306102241235,611,1120
17057.190466666667,16318.38285,732.10765,6.699966666666667,true,DEFAULT-,-5814032274792701469,0,3812916,626,1120,1120,0,0,0,366.05328333333335,366.0543666666667,4517.281008307779,612,1120
17130.497766666667,16442.65125,687.8465166666666,0.0,true,DEFAULT-,5519470499984739720,0,3967406,625,1119,1119,0,0,0,343.92221666666666,343.9243,4608.104618029524,617,1119
17379.182966666667,16553.321733333334,825.8612333333333,0.0,true,DEFAULT-,-570648509535936272,0,3850243,625,1119,1119,0,0,0,412.9293333333333,412.9319,4634.4968939031205,619,1119
17128.879983333332,16439.526116666668,678.5539,10.799966666666666,true,DEFAULT-,-5814032274792701469,0,3983118,625,1119,1119,0,0,0,339.27618333333334,339.27771666666666,4598.94185134949,616,1119
17197.725433333333,16544.391616666668,653.3338166666666,0.0,true,DEFAULT-,5519470499984739720,0,3840213,625,1119,1119,0,0,0,326.6659,326.66791666666666,4626.05392273483,613,1119
17514.016933333336,16692.841283333335,819.8298333333333,1.3458166666666667,true,DEFAULT-,-570648509535936272,0,4046691,625,1119,1119,0,0,0,409.91403333333335,409.9158,4656.649467866856,615,1119
17560.409733333334,16742.968666666668,810.8535833333333,6.587483333333333,true,DEFAULT-,-5814032274792701469,0,3857428,625,1119,1119,0,0,0,405.42585,405.4277333333333,4668.043040678379,616,1119
16962.62445,16301.497733333334,661.1267166666667,0.0,true,DEFAULT-,-570648509535936272,0,3840275,626,1120,1120,0,0,0,330.5627,330.56401666666665,4502.943977286059,610,1120
