cost,travel_time,tardiness,over_time,is_valid,scenario_id,random_seed,repetition,comp_time,num_vehicles,num_orders,num_accepted_orders,num_reauctions,num_unsuc_reauctions,num_failed_reauctions,pickup_tardiness,delivery_tardiness,travel_distance,moved_vehicles,num_delivered_orders
14937.393399999999,14902.146783333334,9.87165,25.374966666666666,true,DEFAULT-,5519470499984739720,0,2429459,626,1120,1120,0,0,0,4.935833333333333,4.935816666666667,4162.4689949994845,554,1120
14929.587733333334,14900.7911,9.87165,18.924983333333333,true,DEFAULT-,-570648509535936272,0,2426041,626,1120,1120,0,0,0,4.935833333333333,4.935816666666667,4162.158502999585,550,1120
14936.037716666666,14900.7911,9.87165,25.374966666666666,true,DEFAULT-,-5814032274792701469,0,2427720,626,1120,1120,0,0,0,4.935833333333333,4.935816666666667,4162.1585029995795,551,1120
14898.969833333333,14895.116966666666,3.852866666666667,0.0,true,DEFAULT-,5519470499984739720,0,2460678,625,1119,1119,0,0,0,1.9264666666666668,1.9264,4214.874983409481,560,1119
14898.969833333333,14895.116966666666,3.852866666666667,0.0,true,DEFAULT-,-570648509535936272,0,2461602,625,1119,1119,0,0,0,1.9264666666666668,1.9264,4214.87498340948,563,1119
14898.969833333333,14895.116966666666,3.852866666666667,0.0,true,DEFAULT-,-5814032274792701469,0,2459552,625,1119,1119,0,0,0,1.9264666666666668,1.9264,4214.874983409481,562,1119
15240.8148,15202.4848,38.33,0.0,true,DEFAULT-,5519470499984739720,0,2452259,625,1119,1119,0,0,0,19.165,19.165,4283.477735998775,552,1119
15240.823133333333,15202.4848,38.33833333333333,0.0,true,DEFAULT-,-570648509535936272,0,2453048,625,1119,1119,0,0,0,19.169166666666666,19.169166666666666,4283.477735998777,551,1119
15240.8148,15202.4848,38.33,0.0,true,DEFAULT-,-5814032274792701469,0,2452283,625,1119,1119,0,0,0,19.165,19.165,4283.477735998777,547,1119
