cost,travel_time,tardiness,over_time,is_valid,scenario_id,random_seed,repetition,comp_time,num_vehicles,num_orders,num_accepted_orders,num_reauctions,num_unsuc_reauctions,num_failed_reauctions,pickup_tardiness,delivery_tardiness,travel_distance,moved_vehicles,num_delivered_orders
8874.623416666665,8139.523766666666,735.09965,0.0,true,DEFAULT-,5519470499984739720,0,3607011,313,560,560,0,0,0,453.07161666666667,282.0280333333333,2230.454180100962,303,560
8893.721783333334,8155.53265,738.1891333333333,0.0,true,DEFAULT-,-570648509535936272,0,3662678,313,560,560,0,0,0,444.7332166666667,293.45591666666667,2233.8773493456356,303,560
8915.911466666666,8174.372666666667,741.5388,0.0,true,DEFAULT-,-5814032274792701469,0,3602237,313,560,560,0,0,0,429.51045,312.02835,2237.419612691758,305,560
8924.579316666666,8297.746266666667,626.83305,0.0,true,DEFAULT-,5519470499984739720,0,3772800,312,559,559,0,0,0,377.0794833333333,249.75356666666667,2299.7909247959155,311,559
9041.561033333333,8364.15275,676.9958,0.4124833333333333,true,DEFAULT-,-570648509535936272,0,3747001,312,559,559,0,0,0,414.1684666666667,262.82733333333334,2314.7857154210715,311,559
8689.296433333333,8163.370483333333,523.4259666666667,2.4999833333333332,true,DEFAULT-,-5814032274792701469,0,3718077,312,559,559,0,0,0,307.3204666666667,216.1055,2276.1591733439195,308,559
9424.829533333334,8542.032416666667,881.58465,1.2124666666666666,true,DEFAULT-,5519470499984739720,0,3721888,312,559,559,0,0,0,468.1388,413.44585,2344.6564211216046,307,559
9166.3983,8396.488766666667,769.9095333333333,0.0,true,DEFAULT-,-570648509535936272,0,3669558,312,559,559,0,0,0,442.3609666666667,327.54856666666666,2310.9931511176173,308,559
9126.083683333332,8427.543616666666,698.34425,0.19581666666666667,true,DEFAULT-,-5814032274792701469,0,3701985,312,559,559,0,0,0,400.4107666666667,297.93348333333336,2321.6669864492796,306,559
