cost,travel_time,tardiness,over_time,is_valid,scenario_id,random_seed,repetition,comp_time,num_vehicles,num_orders,num_accepted_orders,num_reauctions,num_unsuc_reauctions,num_failed_reauctions,pickup_tardiness,delivery_tardiness,travel_distance,moved_vehicles,num_delivered_orders
6980.49315,6796.503466666667,164.56053333333332,19.42915,true,DEFAULT-,5519470499984739720,0,461728,313,560,560,15,8,0,114.30088333333333,50.25965,1897.9842630019875,262,560
6980.501483333333,6796.503466666667,164.56886666666668,19.42915,true,DEFAULT-,-570648509535936272,0,460442,313,560,560,15,8,0,114.30505,50.26381666666666,1897.984263001987,260,560
6971.83555,6787.862533333333,164.54386666666667,19.42915,true,DEFAULT-,-5814032274792701469,0,460170,313,560,560,15,8,0,114.28421666666667,50.25965,1895.4371970019993,259,560
6971.027800000001,6815.9732,155.0546,0.0,true,DEFAULT-,5519470499984739720,0,463418,312,559,559,12,7,0,112.20088333333334,42.853716666666664,1899.1362680007687,264,559
6971.036133333334,6815.9732,155.06293333333332,0.0,true,DEFAULT-,-570648509535936272,0,464371,312,559,559,12,7,0,112.20505,42.857883333333334,1899.136268000769,264,559
6971.040300000001,6815.9732,155.0671,0.0,true,DEFAULT-,-5814032274792701469,0,465563,312,559,559,12,7,0,112.20505,42.86205,1899.1362680007683,264,559
7223.3597500000005,7027.444,195.91575,0.0,true,DEFAULT-,5519470499984739720,0,463373,312,559,559,17,13,0,135.67391666666666,60.24183333333333,1964.4726649998677,267,559
7223.351416666667,7027.444,195.90741666666668,0.0,true,DEFAULT-,-570648509535936272,0,463278,312,559,559,17,13,0,135.66975,60.23766666666667,1964.4726649998674,265,559
7196.169783333334,7008.482533333334,187.68725,0.0,true,DEFAULT-,-5814032274792701469,0,464120,312,559,559,18,12,0,137.4095,50.27775,1958.8697079999852,264,559
