cost,travel_time,tardiness,over_time,is_valid,scenario_id,random_seed,repetition,comp_time,num_vehicles,num_orders,num_accepted_orders,num_reauctions,num_unsuc_reauctions,num_failed_reauctions,pickup_tardiness,delivery_tardiness,travel_distance,moved_vehicles,num_delivered_orders
32241.87115,30864.844833333333,1356.9763666666668,20.04995,true,DEFAULT-,5519470499984739720,0,2544872,1251,2240,2240,26,6,1,678.4873833333334,678.4889833333333,8659.750194472572,1119,2240
32136.165266666667,30822.785733333334,1311.30455,2.0749833333333334,true,DEFAULT-,-570648509535936272,0,2543169,1251,2240,2240,27,7,0,655.6515333333333,655.6530166666666,8655.61700297584,1119,2240
32163.110516666668,30859.89735,1301.14235,2.0708166666666665,true,DEFAULT-,-5814032274792701469,0,2545079,1251,2240,2240,27,7,0,650.5704833333333,650.5718666666667,8662.623763973193,1122,2240
