cost,travel_time,tardiness,over_time,is_valid,scenario_id,random_seed,repetition,comp_time,num_vehicles,num_orders,num_accepted_orders,num_reauctions,num_unsuc_reauctions,num_failed_reauctions,pickup_tardiness,delivery_tardiness,travel_distance,moved_vehicles,num_delivered_orders
29057.645516666667,29055.001216666667,2.6443,0.0,true,DEFAULT-,5519470499984739720,0,3552258,1251,2240,2240,2,0,0,1.32215,1.32215,8231.010720476881,1107,2240
29191.9636,29077.4701,114.4935,0.0,true,DEFAULT-,-570648509535936272,0,3551729,1251,2240,2240,1,1,0,57.246766666666666,57.24673333333333,8235.359122476246,1110,2240
29108.458733333333,29061.385583333333,47.07315,0.0,true,DEFAULT-,-5814032274792701469,0,3553673,1251,2240,2240,1,1,0,23.536583333333333,23.536566666666666,8232.253210476249,1114,2240
29330.028466666663,29241.7306,70.59788333333333,17.699983333333332,true,DEFAULT-,5519470499984739720,0,3557482,1251,2239,2239,0,0,0,35.29893333333333,35.29895,8248.246478568384,1126,2239
29367.81163333333,29249.545916666666,100.56573333333333,17.699983333333332,true,DEFAULT-,-570648509535936272,0,3559005,1251,2239,2239,0,0,0,50.28285,50.28288333333333,8249.906306568071,1131,2239
29369.67983333333,29251.414116666667,100.56573333333333,17.699983333333332,true,DEFAULT-,-5814032274792701469,0,3557879,1251,2239,2239,1,0,0,50.28285,50.28288333333333,8250.224103568178,1126,2239
29751.930733333335,29637.088766666668,99.88781666666667,14.95415,true,DEFAULT-,5519470499984739720,0,3527351,1251,2239,2239,2,0,0,49.9439,49.94391666666667,8461.735467497741,1108,2239
29751.930733333335,29637.088766666668,99.88781666666667,14.95415,true,DEFAULT-,-570648509535936272,0,3529038,1251,2239,2239,2,0,0,49.9439,49.94391666666667,8461.735467497736,1113,2239
29762.989,29636.208316666667,102.43071666666667,24.349966666666667,true,DEFAULT-,-5814032274792701469,0,3528154,1251,2239,2239,2,0,0,51.21535,51.21536666666667,8462.198697497379,1104,2239
