cost,travel_time,tardiness,over_time,is_valid,scenario_id,random_seed,repetition,comp_time,num_vehicles,num_orders,num_accepted_orders,num_reauctions,num_unsuc_reauctions,num_failed_reauctions,pickup_tardiness,delivery_tardiness,travel_distance,moved_vehicles,num_delivered_orders
17576.521833333332,16310.5757,1265.9461333333334,0.0,true,DEFAULT-,5519470499984739720,0,3848753,626,1120,1120,0,0,0,785.7838,480.1623333333333,4506.963357009166,616,1120
18064.59785,16541.4331,1523.16475,0.0,true,DEFAULT-,-570648509535936272,0,3933549,626,1120,1120,0,0,0,895.6592,627.50555,4547.799534623421,620,1120
17559.576516666664,16392.96973333333,1166.6067833333334,0.0,true,DEFAULT-,5519470499984739720,0,4009497,625,1119,1119,0,0,0,735.47815,431.1286333333333,4543.716120199529,619,1119
17607.129416666667,16369.945,1237.1844166666667,0.0,true,DEFAULT-,-570648509535936272,0,3868112,625,1119,1119,0,0,0,782.4758333333333,454.7085833333333,4512.4548359930595,613,1119
17500.8828,16326.5116,1174.3712,0.0,true,DEFAULT-,-5814032274792701469,0,3832851,625,1119,1119,0,0,0,684.5089833333334,489.86221666666665,4526.209271891149,617,1119
18219.172933333335,16721.253666666667,1497.9192666666668,0.0,true,DEFAULT-,5519470499984739720,0,3900284,625,1119,1119,0,0,0,874.7724833333333,623.1467833333334,4615.850867295805,617,1119
18767.2647,16990.82785,1776.43685,0.0,true,DEFAULT-,-570648509535936272,0,4464036,625,1119,1119,0,0,0,1052.0390166666666,724.3978333333333,4679.628298907487,618,1119
18316.220433333332,16740.744883333333,1575.47555,0.0,true,DEFAULT-,-5814032274792701469,0,4132087,625,1119,1119,0,0,0,930.4136666666667,645.0618833333333,4620.046417926292,617,1119
17658.82305,16281.236166666667,1377.5868833333334,0.0,true,DEFAULT-,-5814032274792701469,0,3840253,626,1120,1120,0,0,0,749.0263333333334,628.56055,4471.758293324248,613,1120
