cost,travel_time,tardiness,over_time,is_valid,scenario_id,random_seed,repetition,comp_time,num_vehicles,num_orders,num_accepted_orders,num_reauctions,num_unsuc_reauctions,num_failed_reauctions,pickup_tardiness,delivery_tardiness,travel_distance,moved_vehicles,num_delivered_orders
12982.08325,12598.321783333333,383.76146666666665,0.0,true,DEFAULT-,5519470499984739720,0,1128001,626,1120,1120,48,30,0,208.4498,175.31166666666667,3507.003057002117,509,1120
13085.117033333334,12610.30255,474.8144833333333,0.0,true,DEFAULT-,-570648509535936272,0,1133686,626,1120,1120,48,34,0,251.08198333333334,223.7325,3512.5116000019048,505,1120
13204.631749999999,12664.906333333332,539.7254166666667,0.0,true,DEFAULT-,-5814032274792701469,0,1122150,626,1120,1120,47,32,0,292.64453333333336,247.08088333333333,3526.566410002154,516,1120
12850.980633333334,12600.450783333334,250.52985,0.0,true,DEFAULT-,5519470499984739720,0,1151819,625,1119,1119,33,21,0,150.46521666666666,100.06463333333333,3496.8028260035626,515,1119
12839.762916666667,12594.121566666667,245.64135,0.0,true,DEFAULT-,-570648509535936272,0,1172346,625,1119,1119,31,19,0,148.34163333333333,97.29971666666667,3494.831028003376,516,1119
12859.907166666668,12614.175633333334,245.73153333333335,0.0,true,DEFAULT-,-5814032274792701469,0,1204990,625,1119,1119,34,19,0,150.46025,95.27128333333333,3499.43235800326,518,1119
13080.514516666666,12714.855033333333,365.65948333333336,0.0,true,DEFAULT-,5519470499984739720,0,1303935,625,1119,1119,46,32,0,213.48151666666666,152.17796666666666,3524.9591434965073,503,1119
13057.851116666667,12699.807766666667,358.04335,0.0,true,DEFAULT-,-570648509535936272,0,1302678,625,1119,1119,48,34,0,209.98838333333333,148.05496666666667,3521.30897349673,502,1119
13077.622266666667,12725.9426,351.67966666666666,0.0,true,DEFAULT-,-5814032274792701469,0,1292017,625,1119,1119,46,32,0,208.1202,143.55946666666668,3532.5534904962333,507,1119
