cost,travel_time,tardiness,over_time,is_valid,scenario_id,random_seed,repetition,comp_time,num_vehicles,num_orders,num_accepted_orders,num_reauctions,num_unsuc_reauctions,num_failed_reauctions,pickup_tardiness,delivery_tardiness,travel_distance,moved_vehicles,num_delivered_orders
14937.393399999999,14902.146783333334,9.87165,25.374966666666666,true,DEFAULT-,5519470499984739720,0,2426881,626,1120,1120,0,0,0,4.935833333333333,4.935816666666667,4162.468994999485,554,1120
14929.587733333334,14900.7911,9.87165,18.924983333333333,true,DEFAULT-,-570648509535936272,0,2425044,626,1120,1120,0,0,0,4.935833333333333,4.935816666666667,4162.158502999586,550,1120
14936.037716666666,14900.7911,9.87165,25.374966666666666,true,DEFAULT-,-5814032274792701469,0,2425772,626,1120,1120,0,0,0,4.935833333333333,4.935816666666667,4162.158502999583,551,1120
14936.037716666666,14900.7911,9.87165,25.374966666666666,true,DEFAULT-,-8983376925120995702,0,2425792,626,1120,1120,0,0,0,4.935833333333333,4.935816666666667,4162.158502999584,554,1120
14930.943416666667,14902.146783333334,9.87165,18.924983333333333,true,DEFAULT-,8884255227086587874,0,2425342,626,1120,1120,0,0,0,4.935833333333333,4.935816666666667,4162.468994999484,548,1120
14929.587733333334,14900.7911,9.87165,18.924983333333333,true,DEFAULT-,6035094637740532013,0,2425192,626,1120,1120,0,0,0,4.935833333333333,4.935816666666667,4162.158502999582,555,1120
14929.587733333334,14900.7911,9.87165,18.924983333333333,true,DEFAULT-,2039311718359419500,0,2426730,626,1120,1120,0,0,0,4.935833333333333,4.935816666666667,4162.158502999584,549,1120
14936.037716666666,14900.7911,9.87165,25.374966666666666,true,DEFAULT-,8161660533384016080,0,2425213,626,1120,1120,0,0,0,4.935833333333333,4.935816666666667,4162.158502999582,554,1120
