cost,travel_time,tardiness,over_time,is_valid,scenario_id,random_seed,repetition,comp_time,num_vehicles,num_orders,num_accepted_orders,num_reauctions,num_unsuc_reauctions,num_failed_reauctions,pickup_tardiness,delivery_tardiness,travel_distance,moved_vehicles,num_delivered_orders
37693.116799999996,36691.8881,966.6954333333333,34.53326666666667,true,DEFAULT-,-5814032274792701469,0,4576331,1251,2240,2240,0,0,0,483.34653333333335,483.3489,10125.411162499233,1243,2240
38411.63271666667,37368.840183333334,1042.7925333333333,0.0,true,DEFAULT-,5519470499984739720,0,4610295,1251,2239,2239,0,0,0,521.3949166666666,521.3976166666666,10242.411526916534,1251,2239
38406.8096,37309.08141666667,1086.0948833333334,11.6333,true,DEFAULT-,-570648509535936272,0,4507220,1251,2239,2239,0,0,0,543.04625,543.0486333333333,10230.039782385167,1251,2239
38091.83331666667,37120.1022,971.7311166666667,0.0,true,DEFAULT-,-5814032274792701469,0,4706288,1251,2239,2239,0,0,0,485.86426666666665,485.86685,10191.82319006446,1251,2239
39073.33981666667,37881.48308333333,1168.8817833333333,22.97495,true,DEFAULT-,5519470499984739720,0,4846207,1251,2239,2239,0,0,0,584.4395166666667,584.4422666666667,10512.107098500637,1246,2239
38929.7882,37610.34928333334,1315.9472833333334,3.491633333333333,true,DEFAULT-,-570648509535936272,0,4430013,1251,2239,2239,0,0,0,657.9722333333333,657.97505,10439.53064114843,1240,2239
38524.16661666666,37489.58665,1012.4049833333333,22.174983333333333,true,DEFAULT-,-5814032274792701469,0,4274792,1251,2239,2239,0,0,0,506.20155,506.20343333333335,10422.26149418246,1241,2239
