cost,travel_time,tardiness,over_time,is_valid,scenario_id,random_seed,repetition,comp_time,num_vehicles,num_orders,num_accepted_orders,num_reauctions,num_unsuc_reauctions,num_failed_reauctions,pickup_tardiness,delivery_tardiness,travel_distance,moved_vehicles,num_delivered_orders
35959.5754,34702.98221666666,1224.8432666666668,31.749916666666667,true,DEFAULT-,5519470499984739720,0,4138388,1251,2240,2240,0,0,0,612.4206666666666,612.4226,9643.838259105874,1232,2240
35772.08251666667,34616.77241666667,1155.25595,0.05415,true,DEFAULT-,-570648509535936272,0,4514375,1251,2240,2240,0,0,0,577.6268666666666,577.6290833333334,9611.826312616338,1232,2240
35779.117333333335,34645.9055,1129.31185,3.899983333333333,true,DEFAULT-,-5814032274792701469,0,4340021,1251,2240,2240,0,0,0,564.65465,564.6572,9632.828050928887,1235,2240
35767.580566666664,34790.899516666665,976.3685666666667,0.31248333333333334,true,DEFAULT-,5519470499984739720,0,4433232,1251,2239,2239,0,0,0,488.1831,488.1854666666667,9623.32051550722,1250,2239
35836.279350000004,34885.00331666667,950.5927166666667,0.6833166666666667,true,DEFAULT-,-570648509535936272,0,4490037,1251,2239,2239,0,0,0,475.2950333333333,475.29768333333334,9645.120352816595,1249,2239
35795.88501666667,34766.961866666665,1010.7606666666667,18.162483333333334,true,DEFAULT-,-5814032274792701469,0,4539646,1251,2239,2239,0,0,0,505.3789,505.3817666666667,9618.645638753978,1250,2239
36416.6238,35286.154833333334,1126.48565,3.9833166666666666,true,DEFAULT-,5519470499984739720,0,4589017,1251,2239,2239,0,0,0,563.2416333333333,563.2440166666667,9896.743720559114,1236,2239
36770.91223333333,35515.491083333334,1254.1461833333333,1.2749666666666666,true,DEFAULT-,-570648509535936272,0,4434746,1251,2239,2239,0,0,0,627.07185,627.0743333333334,9925.24574577229,1234,2239
