cost,travel_time,tardiness,over_time,is_valid,scenario_id,random_seed,repetition,comp_time,num_vehicles,num_orders,num_accepted_orders,num_reauctions,num_unsuc_reauctions,num_failed_reauctions,pickup_tardiness,delivery_tardiness,travel_distance,moved_vehicles,num_delivered_orders
33821.81343333333,32571.321083333332,1250.49235,0.0,true,DEFAULT-,5519470499984739720,0,3523849,1251,2240,2240,40,10,0,625.2456333333333,625.2467166666667,9054.702820912373,1117,2240
33819.04535,32557.353183333333,1261.6921666666667,0.0,true,DEFAULT-,-570648509535936272,0,3514908,1251,2240,2240,33,11,0,630.4001166666667,631.29205,9066.328247977084,1117,2240
34541.633116666664,32932.74823333333,1608.8848833333334,0.0,true,DEFAULT-,5519470499984739720,0,3540035,1251,2239,2239,37,14,0,804.4419166666667,804.4429666666666,9108.451982572094,1119,2239
34493.031266666665,32868.313533333334,1624.7177333333334,0.0,true,DEFAULT-,-570648509535936272,0,3531752,1251,2239,2239,44,13,0,812.3582666666666,812.3594666666667,9092.291485564703,1136,2239
34659.00148333333,32931.87428333333,1726.6522166666666,0.4749833333333333,true,DEFAULT-,-5814032274792701469,0,3559344,1251,2239,2239,41,10,0,863.3255333333333,863.3266833333333,9102.605534067248,1128,2239
34740.90301666667,33106.110733333335,1634.7922833333334,0.0,true,DEFAULT-,5519470499984739720,0,3474074,1251,2239,2239,36,9,2,817.3957666666666,817.3965166666667,9270.525674992696,1105,2239
34516.11931666667,32999.31625,1516.8030666666666,0.0,true,DEFAULT-,-570648509535936272,0,3467022,1251,2239,2239,29,8,1,758.40115,758.4019166666667,9250.163846992627,1094,2239
