cost,travel_time,tardiness,over_time,is_valid,scenario_id,random_seed,repetition,comp_time,num_vehicles,num_orders,num_accepted_orders,num_reauctions,num_unsuc_reauctions,num_failed_reauctions,pickup_tardiness,delivery_tardiness,travel_distance,moved_vehicles,num_delivered_orders
9349.439683333334,9145.004233333333,204.43545,0.0,true,DEFAULT-,5519470499984739720,0,3822912,313,560,560,0,0,0,102.21746666666667,102.21798333333334,2491.505778277448,308,560
9538.059716666667,9278.174916666667,259.8848,0.0,true,DEFAULT-,-570648509535936272,0,3814709,313,560,560,0,0,0,129.94221666666667,129.94258333333335,2535.153761524482,307,560
9405.903066666666,9146.728683333333,259.1743833333333,0.0,true,DEFAULT-,-5814032274792701469,0,3825857,313,560,560,0,0,0,129.5869,129.58748333333332,2499.054479082014,308,560
9552.519833333334,9289.399766666667,263.1200666666667,0.0,true,DEFAULT-,5519470499984739720,0,3799315,312,559,559,0,0,0,131.55968333333334,131.56038333333333,2565.6489680467407,311,559
9500.750783333333,9264.760783333333,224.5317,11.4583,true,DEFAULT-,-570648509535936272,0,3731199,312,559,559,0,0,0,112.26555,112.26615,2560.8642178183804,310,559
9518.427433333332,9281.341916666666,237.08551666666668,0.0,true,DEFAULT-,-5814032274792701469,0,3930967,312,559,559,0,0,0,118.54248333333334,118.54303333333333,2559.8422925643545,311,559
9513.802816666668,9239.18495,274.61786666666666,0.0,true,DEFAULT-,5519470499984739720,0,3717699,312,559,559,0,0,0,137.30866666666665,137.3092,2550.5522408929464,308,559
9653.299633333332,9388.651916666666,264.64771666666667,0.0,true,DEFAULT-,-570648509535936272,0,3808317,312,559,559,0,0,0,132.32368333333332,132.32403333333335,2600.5921957711207,308,559
9666.730283333334,9384.57285,282.15743333333336,0.0,true,DEFAULT-,-5814032274792701469,0,3925938,312,559,559,0,0,0,141.0786,141.07883333333334,2594.5378515408206,307,559
