cost,travel_time,tardiness,over_time,is_valid,scenario_id,random_seed,repetition,comp_time,num_vehicles,num_orders,num_accepted_orders,num_reauctions,num_unsuc_reauctions,num_failed_reauctions,pickup_tardiness,delivery_tardiness,travel_distance,moved_vehicles,num_delivered_orders
33865.9461,32568.9093,1297.0368,0.0,true,DEFAULT-,5519470499984739720,0,4185240,1251,2240,2240,0,0,0,648.51725,648.51955,9105.99280241862,1227,2240
33994.2594,32627.323183333334,1349.1654333333333,17.770783333333334,true,DEFAULT-,-570648509535936272,0,4490601,1251,2240,2240,0,0,0,674.5815,674.5839333333333,9146.179487429426,1227,2240
33745.52588333333,32554.03245,1190.8517833333333,0.64165,true,DEFAULT-,-5814032274792701469,0,4641526,1251,2240,2240,0,0,0,595.4248333333334,595.42695,9123.42916511041,1225,2240
34015.31536666666,32829.42385,1171.90405,13.987466666666666,true,DEFAULT-,5519470499984739720,0,4120580,1251,2239,2239,0,0,0,585.9507333333333,585.9533166666666,9145.545510317213,1246,2239
34263.025449999994,32925.808966666664,1337.2164833333334,0.0,true,DEFAULT-,-570648509535936272,0,4366679,1251,2239,2239,0,0,0,668.6064166666666,668.6100666666666,9165.481249176264,1244,2239
33737.01073333333,32659.301866666665,1077.3297166666666,0.37915,true,DEFAULT-,-5814032274792701469,0,4415713,1251,2239,2239,0,0,0,538.6634833333334,538.6662333333334,9091.467819115122,1241,2239
34645.91751666667,33315.307433333335,1330.2559333333334,0.35415,true,DEFAULT-,5519470499984739720,0,4457770,1251,2239,2239,0,0,0,665.1265,665.1294333333333,9404.85513839454,1236,2239
34822.61071666667,33392.520183333334,1416.51975,13.570783333333333,true,DEFAULT-,-570648509535936272,0,4384642,1251,2239,2239,0,0,0,708.2576833333334,708.2620666666667,9403.862713545675,1223,2239
34922.72271666666,33345.43105,1577.2916666666667,0.0,true,DEFAULT-,-5814032274792701469,0,4307178,1251,2239,2239,0,0,0,788.6440166666666,788.64765,9407.005910400649,1226,2239
