cost,travel_time,tardiness,over_time,is_valid,scenario_id,random_seed,repetition,comp_time,num_vehicles,num_orders,num_accepted_orders,num_reauctions,num_unsuc_reauctions,num_failed_reauctions,pickup_tardiness,delivery_tardiness,travel_distance,moved_vehicles,num_delivered_orders
33960.2828,32556.4556,1401.1189,2.7083,true,DEFAULT-,5519470499984739720,0,4330557,1251,2240,2240,0,0,0,700.5582166666667,700.5606833333334,9116.539194163779,1224,2240
33977.38261666666,32643.626533333332,1333.7560833333334,0.0,true,DEFAULT-,-570648509535936272,0,4072636,1251,2240,2240,0,0,0,666.8768333333334,666.87925,9141.416429276827,1223,2240
33758.654833333334,32453.70445,1296.6004166666667,8.349966666666667,true,DEFAULT-,-5814032274792701469,0,4346008,1251,2240,2240,0,0,0,648.2991333333333,648.3012833333333,9101.243017766417,1224,2240
33940.95056666667,32803.25621666667,1137.69435,0.0,true,DEFAULT-,5519470499984739720,0,4504192,1251,2239,2239,0,0,0,568.8462833333333,568.8480666666667,9131.72540447707,1247,2239
33919.928283333335,32711.183966666667,1208.2735166666666,0.4708,true,DEFAULT-,-570648509535936272,0,4430010,1251,2239,2239,0,0,0,604.13595,604.1375666666667,9104.586281457598,1243,2239
34173.283149999996,32836.047,1337.23615,0.0,true,DEFAULT-,-5814032274792701469,0,4256236,1251,2239,2239,0,0,0,668.6165166666667,668.6196333333334,9127.70641542068,1241,2239
34498.608,33148.68301666667,1349.6291666666666,0.29581666666666667,true,DEFAULT-,5519470499984739720,0,4191167,1251,2239,2239,0,0,0,674.8130166666666,674.81615,9347.216423244616,1225,2239
34619.58031666667,33258.55838333334,1360.3803,0.6416333333333334,true,DEFAULT-,-570648509535936272,0,4277168,1251,2239,2239,0,0,0,680.18885,680.19145,9388.863115380382,1220,2239
34827.3931,33387.065983333334,1440.3271166666666,0.0,true,DEFAULT-,-5814032274792701469,0,4291133,1251,2239,2239,0,0,0,720.1619166666667,720.1652,9411.7817874471,1223,2239
