cost,travel_time,tardiness,over_time,is_valid,scenario_id,random_seed,repetition,comp_time,num_vehicles,num_orders,num_accepted_orders,num_reauctions,num_unsuc_reauctions,num_failed_reauctions,pickup_tardiness,delivery_tardiness,travel_distance,moved_vehicles,num_delivered_orders
30816.667566666667,29577.984633333333,1215.3871333333334,23.2958,true,DEFAULT-,5519470499984739720,0,1259348,1251,2240,2240,33,11,0,607.6932666666667,607.6938666666666,8321.567317975067,1112,2240
30953.058366666668,29614.7436,1315.0231333333334,23.291633333333333,true,DEFAULT-,-570648509535936272,0,1352954,1251,2240,2240,36,14,0,657.5113166666666,657.5118166666666,8334.89216597404,1106,2240
30954.741550000002,29607.670683333334,1327.6333833333333,19.437483333333333,true,DEFAULT-,-5814032274792701469,0,1263515,1251,2240,2240,35,10,0,663.8163833333333,663.817,8335.127510474194,1099,2240
30430.332466666663,29631.680316666665,768.6521833333334,29.999966666666666,true,DEFAULT-,5519470499984739720,0,1281006,1251,2239,2239,28,7,0,384.3258,384.32638333333335,8311.315828479072,1129,2239
32814.10465,30220.772666666668,2593.3319833333335,0.0,true,DEFAULT-,-570648509535936272,0,1726777,1251,2239,2239,45,18,1,1289.8233666666667,1303.5086166666667,8463.244453567899,1128,2239
30688.4234,29662.695316666668,995.7406166666667,29.987466666666666,true,DEFAULT-,-5814032274792701469,0,1246600,1251,2239,2239,24,9,0,497.87005,497.87056666666666,8323.48233347838,1132,2239
31768.311133333336,30195.19256666667,1573.1185666666668,0.0,true,DEFAULT-,5519470499984739720,0,1263220,1251,2239,2239,25,9,1,786.5587333333333,786.5598333333334,8577.680802496432,1098,2239
31566.62643333333,30155.651883333332,1410.97455,0.0,true,DEFAULT-,-570648509535936272,0,1264741,1251,2239,2239,19,5,0,705.4867666666667,705.4877833333334,8568.534317496546,1104,2239
31734.8857,30203.415983333332,1531.4697166666667,0.0,true,DEFAULT-,-5814032274792701469,0,1261902,1251,2239,2239,21,6,0,765.7342666666667,765.73545,8580.370941497142,1102,2239
