cost,travel_time,tardiness,over_time,is_valid,scenario_id,random_seed,repetition,comp_time,num_vehicles,num_orders,num_accepted_orders,num_reauctions,num_unsuc_reauctions,num_failed_reauctions,pickup_tardiness,delivery_tardiness,travel_distance,moved_vehicles,num_delivered_orders
8690.4773,8213.539316666667,476.9379833333333,0.0,true,DEFAULT-,5519470499984739720,0,3746136,313,560,560,0,0,0,238.4686,238.46938333333333,2273.3764917722897,304,560
8661.921383333334,8229.851983333334,432.0694,0.0,true,DEFAULT-,-570648509535936272,0,3790801,313,560,560,0,0,0,216.0342,216.0352,2266.4488240389132,304,560
8664.908599999999,8216.1403,448.7683,0.0,true,DEFAULT-,-5814032274792701469,0,3767974,313,560,560,0,0,0,224.38361666666665,224.38468333333333,2265.0153870451823,304,560
8577.23515,8257.6355,319.59965,0.0,true,DEFAULT-,5519470499984739720,0,3599226,312,559,559,0,0,0,159.79941666666667,159.80023333333332,2308.625453229041,310,559
8648.411183333334,8305.694,342.7171833333333,0.0,true,DEFAULT-,-570648509535936272,0,3724971,312,559,559,0,0,0,171.35816666666668,171.35901666666666,2317.021183164127,307,559
8668.247466666668,8319.298483333334,335.899,13.049983333333333,true,DEFAULT-,-5814032274792701469,0,3646595,312,559,559,0,0,0,167.94898333333333,167.95001666666667,2322.9625882641285,310,559
8941.310483333333,8454.38475,486.9257333333333,0.0,true,DEFAULT-,5519470499984739720,0,3773508,312,559,559,0,0,0,243.46215,243.46358333333333,2351.44201254489,302,559
8967.450366666668,8449.78995,517.6604166666667,0.0,true,DEFAULT-,-570648509535936272,0,3636300,312,559,559,0,0,0,258.82956666666666,258.83085,2353.348959214381,307,559
8932.892466666666,8469.37935,463.5131166666667,0.0,true,DEFAULT-,-5814032274792701469,0,3721681,312,559,559,0,0,0,231.75605,231.75706666666667,2363.414118969276,304,559
