cost,travel_time,tardiness,over_time,is_valid,scenario_id,random_seed,repetition,comp_time,num_vehicles,num_orders,num_accepted_orders,num_reauctions,num_unsuc_reauctions,num_failed_reauctions,pickup_tardiness,delivery_tardiness,travel_distance,moved_vehicles,num_delivered_orders
7674.853483333333,7595.3303166666665,73.74401666666667,5.77915,true,DEFAULT-,5519470499984739720,0,886958,313,560,560,0,0,0,36.87195,36.87206666666667,2113.7745040014565,280,560
7674.84515,7595.3303166666665,73.73568333333333,5.77915,true,DEFAULT-,-570648509535936272,0,887066,313,560,560,0,0,0,36.867783333333335,36.8679,2113.7745040014565,278,560
7674.853483333333,7595.3303166666665,73.74401666666667,5.77915,true,DEFAULT-,-5814032274792701469,0,886696,313,560,560,0,0,0,36.87195,36.87206666666667,2113.7745040014565,281,560
7704.58335,7665.60825,38.9751,0.0,true,DEFAULT-,5519470499984739720,0,896405,312,559,559,0,0,0,19.48755,19.48755,2154.276917000974,280,559
7704.58335,7665.60825,38.9751,0.0,true,DEFAULT-,-570648509535936272,0,896998,312,559,559,0,0,0,19.48755,19.48755,2154.276917000974,277,559
7704.575016666667,7665.60825,38.966766666666665,0.0,true,DEFAULT-,-5814032274792701469,0,890577,312,559,559,0,0,0,19.483383333333332,19.483383333333332,2154.2769170009738,278,559
7869.293966666666,7839.438383333333,29.855583333333332,0.0,true,DEFAULT-,5519470499984739720,0,870994,312,559,559,0,0,0,14.927683333333333,14.9279,2194.536538998711,276,559
7869.293966666666,7839.438383333333,29.855583333333332,0.0,true,DEFAULT-,-570648509535936272,0,870964,312,559,559,0,0,0,14.927683333333333,14.9279,2194.5365389987114,277,559
7869.293966666666,7839.438383333333,29.855583333333332,0.0,true,DEFAULT-,-5814032274792701469,0,871189,312,559,559,0,0,0,14.927683333333333,14.9279,2194.536538998711,278,559
