cost,travel_time,tardiness,over_time,is_valid,scenario_id,random_seed,repetition,comp_time,num_vehicles,num_orders,num_accepted_orders,num_reauctions,num_unsuc_reauctions,num_failed_reauctions,pickup_tardiness,delivery_tardiness,travel_distance,moved_vehicles,num_delivered_orders
15170.631433333334,14959.502433333333,191.66235,19.46665,true,DEFAULT-,5519470499984739720,0,1110851,626,1120,1120,23,5,0,95.83118333333333,95.83116666666666,4176.596889999152,551,1120
15149.753850000001,14958.3384,171.9488,19.46665,true,DEFAULT-,-570648509535936272,0,1112913,626,1120,1120,22,4,0,85.97443333333334,85.97436666666667,4176.0232449990335,550,1120
15150.060116666666,14958.540516666666,172.05295,19.46665,true,DEFAULT-,-5814032274792701469,0,1113639,626,1120,1120,23,4,0,86.02646666666666,86.02648333333333,4176.481844999059,556,1120
15079.644300000002,14942.301783333334,137.34251666666665,0.0,true,DEFAULT-,5519470499984739720,0,1120606,625,1119,1119,12,2,0,68.67125,68.67126666666667,4230.347711409861,561,1119
15095.524916666667,14950.551616666668,144.9733,0.0,true,DEFAULT-,-570648509535936272,0,1118808,625,1119,1119,13,3,0,72.48663333333333,72.48666666666666,4231.926300409764,558,1119
15095.524916666667,14950.551616666668,144.9733,0.0,true,DEFAULT-,-5814032274792701469,0,1116274,625,1119,1119,13,3,0,72.48663333333333,72.48666666666666,4231.926300409764,560,1119
15492.396033333333,15282.3087,210.08733333333333,0.0,true,DEFAULT-,5519470499984739720,0,1105519,625,1119,1119,18,3,0,105.04366666666667,105.04366666666667,4298.69790800233,552,1119
15492.396033333333,15282.3087,210.08733333333333,0.0,true,DEFAULT-,-570648509535936272,0,1109549,625,1119,1119,19,3,0,105.04366666666667,105.04366666666667,4298.69790800233,548,1119
15567.0973,15293.071666666667,274.02563333333336,0.0,true,DEFAULT-,-5814032274792701469,0,1110005,625,1119,1119,19,4,0,137.01278333333335,137.01285,4300.648397002355,548,1119
