cost,travel_time,tardiness,over_time,is_valid,scenario_id,random_seed,repetition,comp_time,num_vehicles,num_orders,num_accepted_orders,num_reauctions,num_unsuc_reauctions,num_failed_reauctions,pickup_tardiness,delivery_tardiness,travel_distance,moved_vehicles,num_delivered_orders
27712.6351,25781.0298,1931.6053,0.0,true,DEFAULT-,5519470499984739720,0,2604938,1251,2240,2240,99,53,5,1247.26225,684.34305,7134.4028769761035,1004,2240
27660.455716666667,25811.338433333334,1849.1172833333333,0.0,true,DEFAULT-,-570648509535936272,0,2597037,1251,2240,2240,101,58,3,1181.7106833333332,667.4066,7146.664920975753,1017,2240
27514.60715,25726.4941,1788.11305,0.0,true,DEFAULT-,-5814032274792701469,0,2611059,1251,2240,2240,111,57,2,1176.1015833333333,612.0114666666667,7120.705710776624,1020,2240
28120.89761666667,26035.608583333335,2085.2890333333335,0.0,true,DEFAULT-,5519470499984739720,0,2657221,1251,2239,2239,114,61,0,1286.1408,799.1482333333333,7134.915904064088,1004,2239
28016.292083333334,26023.442383333335,1992.8497,0.0,true,DEFAULT-,-570648509535936272,0,2658382,1251,2239,2239,116,57,0,1234.2648166666668,758.5848833333333,7128.420282067017,1006,2239
28216.13455,26134.033883333334,2082.1006666666667,0.0,true,DEFAULT-,-5814032274792701469,0,2674937,1251,2239,2239,119,55,0,1223.7530666666667,858.3476,7169.467094066052,1008,2239
28353.375066666667,26349.484533333332,2003.8905333333332,0.0,true,DEFAULT-,5519470499984739720,0,2562538,1251,2239,2239,120,64,3,1330.7452666666666,673.1452666666667,7315.892526479231,994,2239
28129.11575,26172.438016666667,1948.45275,8.224983333333334,true,DEFAULT-,-570648509535936272,0,2564535,1251,2239,2239,113,61,1,1253.0346166666666,695.4181333333333,7250.9952264827425,991,2239
28017.693816666662,26174.083966666665,1835.3932,8.21665,true,DEFAULT-,-5814032274792701469,0,2569200,1251,2239,2239,110,56,0,1214.4884,620.9048,7263.1639974817635,989,2239
