cost,travel_time,tardiness,over_time,is_valid,scenario_id,random_seed,repetition,comp_time,num_vehicles,num_orders,num_accepted_orders,num_reauctions,num_unsuc_reauctions,num_failed_reauctions,pickup_tardiness,delivery_tardiness,travel_distance,moved_vehicles,num_delivered_orders
11134.870783333334,10092.018483333333,1042.8523,0.0,true,DEFAULT-,5519470499984739720,0,3918449,313,560,560,0,0,0,624.7441333333334,418.10816666666665,2677.1920538902673,312,560
10907.367833333334,9902.3606,1005.0072333333334,0.0,true,DEFAULT-,-570648509535936272,0,3840343,313,560,560,0,0,0,594.8604333333334,410.1468,2631.823854946955,311,560
10489.226616666667,9757.3864,731.8402166666667,0.0,true,DEFAULT-,-5814032274792701469,0,3972088,313,560,560,0,0,0,453.19475,278.64546666666666,2597.80962058118,311,560
10878.731866666667,10116.546183333334,762.1856833333334,0.0,true,DEFAULT-,5519470499984739720,0,3790796,312,559,559,0,0,0,486.7624333333333,275.42325,2702.164282930134,312,559
10684.565349999999,9987.422066666666,697.1432833333333,0.0,true,DEFAULT-,-570648509535936272,0,3938045,312,559,559,0,0,0,387.86223333333334,309.28105,2683.5390939966655,312,559
10550.0106,9801.35125,748.65935,0.0,true,DEFAULT-,-5814032274792701469,0,3923815,312,559,559,0,0,0,449.43395,299.2254,2622.329757355218,312,559
11397.5069,10398.372416666667,997.4470166666666,1.6874666666666667,true,DEFAULT-,5519470499984739720,0,3812847,312,559,559,0,0,0,607.3365,390.1105166666667,2763.1186145493302,312,559
10946.40905,10069.293,877.11605,0.0,true,DEFAULT-,-570648509535936272,0,3915920,312,559,559,0,0,0,461.26011666666665,415.8559333333333,2704.3832762500097,311,559
10825.373383333332,10083.875433333333,741.49795,0.0,true,DEFAULT-,-5814032274792701469,0,3888416,312,559,559,0,0,0,442.31191666666666,299.18603333333334,2705.7103477052224,309,559
