cost,travel_time,tardiness,over_time,is_valid,scenario_id,random_seed,repetition,comp_time,num_vehicles,num_orders,num_accepted_orders,num_reauctions,num_unsuc_reauctions,num_failed_reauctions,pickup_tardiness,delivery_tardiness,travel_distance,moved_vehicles,num_delivered_orders
6364.910566666666,6350.5328,14.377766666666666,0.0,true,DEFAULT-,5519470499984739720,0,474266,313,560,560,16,16,0,9.03305,5.344716666666667,1736.896454002302,255,560
6353.131333333333,6337.806016666666,15.325316666666666,0.0,true,DEFAULT-,-570648509535936272,0,476463,313,560,560,22,20,0,9.02055,6.304766666666667,1732.3872430021931,251,560
6379.323483333334,6356.864716666667,22.458766666666666,0.0,true,DEFAULT-,-5814032274792701469,0,481616,313,560,560,21,20,0,10.808983333333334,11.649783333333334,1738.157294001797,252,560
6570.348266666667,6563.50755,6.840716666666666,0.0,true,DEFAULT-,5519470499984739720,0,483495,312,559,559,27,21,0,4.986483333333333,1.8542333333333334,1813.9869730020416,256,559
6556.105583333333,6549.374916666667,6.730666666666667,0.0,true,DEFAULT-,-570648509535936272,0,486962,312,559,559,33,26,0,4.782533333333333,1.9481333333333333,1808.5156340017736,256,559
