cost,travel_time,tardiness,over_time,is_valid,scenario_id,random_seed,repetition,comp_time,num_vehicles,num_orders,num_accepted_orders,num_reauctions,num_unsuc_reauctions,num_failed_reauctions,pickup_tardiness,delivery_tardiness,travel_distance,moved_vehicles,num_delivered_orders
33265.96433333334,31221.017583333334,2041.1092666666666,3.837483333333333,true,DEFAULT-,5519470499984739720,0,4353491,1251,2240,2240,0,0,0,1020.5528833333333,1020.5563833333333,8784.016307365693,1220,2240
33483.54355,31331.713033333333,2151.830516666667,0.0,true,DEFAULT-,-570648509535936272,0,4228270,1251,2240,2240,0,0,0,1075.9133333333334,1075.9171833333332,8816.995092865152,1223,2240
33256.347433333336,31221.834166666667,2034.5132666666666,0.0,true,DEFAULT-,-5814032274792701469,0,4090102,1251,2240,2240,0,0,0,1017.25505,1017.2582166666666,8787.630626252865,1220,2240
33634.41281666667,31586.095783333334,2047.3253833333333,0.99165,true,DEFAULT-,5519470499984739720,0,4083514,1251,2239,2239,0,0,0,1023.6605833333333,1023.6648,8842.699844769753,1239,2239
33418.60385,31484.381483333334,1932.7432166666667,1.47915,true,DEFAULT-,-570648509535936272,0,4156620,1251,2239,2239,0,0,0,966.3694,966.3738166666667,8799.15126175059,1240,2239
33523.83556666667,31520.98115,2002.8544166666666,0.0,true,DEFAULT-,-5814032274792701469,0,4545450,1251,2239,2239,0,0,0,1001.4249666666667,1001.42945,8820.390921250473,1239,2239
33850.09916666667,31812.335016666668,2037.76415,0.0,true,DEFAULT-,5519470499984739720,0,4497694,1251,2239,2239,0,0,0,1018.8799,1018.88425,9025.583265189669,1214,2239
34260.7244,32032.603616666667,2228.1207833333333,0.0,true,DEFAULT-,-570648509535936272,0,3919198,1251,2239,2239,0,0,0,1114.05785,1114.0629333333334,9071.262714593253,1222,2239
34354.25595,32042.536283333335,2306.1197333333334,5.599933333333333,true,DEFAULT-,-5814032274792701469,0,4138412,1251,2239,2239,0,0,0,1153.0577833333334,1153.06195,9081.527033981767,1222,2239
