cost,travel_time,tardiness,over_time,is_valid,scenario_id,random_seed,repetition,comp_time,num_vehicles,num_orders,num_accepted_orders,num_reauctions,num_unsuc_reauctions,num_failed_reauctions,pickup_tardiness,delivery_tardiness,travel_distance,moved_vehicles,num_delivered_orders
15181.744883333333,14958.540516666666,203.73771666666667,19.46665,true,DEFAULT-,5519470499984739720,0,1106640,626,1120,1120,22,4,0,101.8688,101.86891666666666,4176.48184499906,549,1120
15219.76405,14967.4054,232.892,19.46665,true,DEFAULT-,-570648509535936272,0,1111028,626,1120,1120,22,4,0,116.44596666666666,116.44603333333333,4180.511252998406,550,1120
15131.3387,14947.803666666667,164.06838333333334,19.46665,true,DEFAULT-,-5814032274792701469,0,1108867,626,1120,1120,22,3,0,82.03413333333333,82.03425,4174.576442999133,555,1120
15116.618616666667,14949.077433333334,167.54118333333332,0.0,true,DEFAULT-,5519470499984739720,0,1117285,625,1119,1119,12,3,0,83.77055,83.77063333333334,4231.632114409756,561,1119
15118.0928,14950.551616666668,167.54118333333332,0.0,true,DEFAULT-,-570648509535936272,0,1122530,625,1119,1119,13,3,0,83.77055,83.77063333333334,4231.9263004097675,559,1119
