cost,travel_time,tardiness,over_time,is_valid,scenario_id,random_seed,repetition,comp_time,num_vehicles,num_orders,num_accepted_orders,num_reauctions,num_unsuc_reauctions,num_failed_reauctions,pickup_tardiness,delivery_tardiness,travel_distance,moved_vehicles,num_delivered_orders
9473.58185,8847.030316666667,626.5515333333333,0.0,true,DEFAULT-,5519470499984739720,0,3679231,313,560,560,0,0,0,400.14801666666665,226.40351666666666,2397.157344580138,307,560
9694.055,8936.536033333334,752.1189833333333,5.399983333333333,true,DEFAULT-,-570648509535936272,0,3768025,313,560,560,0,0,0,423.79658333333333,328.3224,2420.242863559574,308,560
9348.711283333332,8721.86725,619.7732166666667,7.0708166666666665,true,DEFAULT-,-5814032274792701469,0,3679961,313,560,560,0,0,0,358.8584666666667,260.91475,2356.1635943148626,310,560
9644.558433333334,8993.434233333333,651.1242,0.0,true,DEFAULT-,5519470499984739720,0,3783671,312,559,559,0,0,0,347.11788333333334,304.0063166666667,2431.974248647362,311,559
9487.4278,8951.409016666667,534.7688,1.2499833333333332,true,DEFAULT-,-570648509535936272,0,3739574,312,559,559,0,0,0,300.38276666666667,234.38603333333333,2445.579120274502,312,559
9282.548266666667,8792.4169,490.1313666666667,0.0,true,DEFAULT-,-5814032274792701469,0,3658542,312,559,559,0,0,0,243.84666666666666,246.2847,2393.5906799047275,311,559
9649.603733333333,9075.594833333333,574.0089,0.0,true,DEFAULT-,5519470499984739720,0,3791266,312,559,559,0,0,0,322.1884166666667,251.82048333333333,2461.2978996445786,309,559
9784.126916666668,9120.96175,663.1651666666667,0.0,true,DEFAULT-,-570648509535936272,0,3795887,312,559,559,0,0,0,383.88253333333336,279.2826333333333,2483.0138976694184,308,559
9704.217116666667,9137.198583333333,567.0185333333334,0.0,true,DEFAULT-,-5814032274792701469,0,3816985,312,559,559,0,0,0,357.00851666666665,210.01001666666667,2489.480944471533,308,559
