cost,travel_time,tardiness,over_time,is_valid,scenario_id,random_seed,repetition,comp_time,num_vehicles,num_orders,num_accepted_orders,num_reauctions,num_unsuc_reauctions,num_failed_reauctions,pickup_tardiness,delivery_tardiness,travel_distance,moved_vehicles,num_delivered_orders
6534.006733333334,6471.527183333334,62.47955,0.0,true,DEFAULT-,5519470499984739720,0,465830,313,560,560,19,15,0,32.9102,29.56935,1780.5924960017742,255,560
6542.3153,6478.712533333333,63.60276666666667,0.0,true,DEFAULT-,-570648509535936272,0,470785,313,560,560,26,19,0,33.66753333333333,29.935233333333333,1781.2711850019377,256,560
6543.3796999999995,6481.7149,61.6648,0.0,true,DEFAULT-,-5814032274792701469,0,467323,313,560,560,23,18,0,33.6039,28.0609,1782.3939370017783,256,560
6668.328783333333,6611.743466666667,54.36033333333334,2.2249833333333333,true,DEFAULT-,5519470499984739720,0,493856,312,559,559,25,15,0,28.440316666666668,25.920016666666665,1826.639180001145,259,559
6648.321133333334,6612.05055,34.0456,2.2249833333333333,true,DEFAULT-,-570648509535936272,0,500551,312,559,559,23,13,0,20.985283333333335,13.060316666666667,1823.7684710009294,260,559
6646.991633333334,6606.426983333334,38.339666666666666,2.2249833333333333,true,DEFAULT-,-5814032274792701469,0,504372,312,559,559,25,16,0,22.25315,16.086516666666668,1823.23276400102,260,559
6708.572383333333,6655.293266666667,53.27911666666667,0.0,true,DEFAULT-,5519470499984739720,0,512131,312,559,559,24,20,0,33.72421666666666,19.5549,1836.5121309998335,260,559
6712.86995,6658.680083333334,54.18986666666667,0.0,true,DEFAULT-,-570648509535936272,0,499033,312,559,559,23,19,0,34.780116666666665,19.40975,1837.5453039998251,261,559
