cost,travel_time,tardiness,over_time,is_valid,scenario_id,random_seed,repetition,comp_time,num_vehicles,num_orders,num_accepted_orders,num_reauctions,num_unsuc_reauctions,num_failed_reauctions,pickup_tardiness,delivery_tardiness,travel_distance,moved_vehicles,num_delivered_orders
12308.280833333334,12050.61125,257.6695833333333,0.0,true,DEFAULT-,5519470499984739720,0,1159013,626,1120,1120,61,40,0,130.4166,127.25298333333333,3319.261181000352,489,1120
12271.592283333333,12069.26195,202.33033333333333,0.0,true,DEFAULT-,-570648509535936272,0,1142103,626,1120,1120,61,39,0,111.81786666666666,90.51246666666667,3322.981674000868,488,1120
12340.220516666666,12103.36595,236.85456666666667,0.0,true,DEFAULT-,-5814032274792701469,0,1272692,626,1120,1120,65,42,0,132.7062,104.14836666666666,3332.313155000411,492,1120
