cost,travel_time,tardiness,over_time,is_valid,scenario_id,random_seed,repetition,comp_time,num_vehicles,num_orders,num_accepted_orders,num_reauctions,num_unsuc_reauctions,num_failed_reauctions,pickup_tardiness,delivery_tardiness,travel_distance,moved_vehicles,num_delivered_orders
12308.280833333334,12050.61125,257.6695833333333,0.0,true,DEFAULT-,5519470499984739720,0,1159013,626,1120,1120,61,40,0,130.4166,127.25298333333333,3319.261181000352,489,1120
12271.592283333333,12069.26195,202.33033333333333,0.0,true,DEFAULT-,-570648509535936272,0,1142103,626,1120,1120,61,39,0,111.81786666666666,90.51246666666667,3322.981674000868,488,1120
12340.220516666666,12103.36595,236.85456666666667,0.0,true,DEFAULT-,-5814032274792701469,0,1272692,626,1120,1120,65,42,0,132.7062,104.14836666666666,3332.313155000411,492,1120
12222.134633333333,12079.0751,143.05953333333332,0.0,true,DEFAULT-,5519470499984739720,0,1297837,625,1119,1119,64,44,0,88.17685,54.88268333333333,3307.268839001156,502,1119
12323.070716666667,12115.726333333334,207.34438333333333,0.0,true,DEFAULT-,-570648509535936272,0,1279419,625,1119,1119,64,46,0,111.82748333333333,95.5169,3322.7953560023197,502,1119
12307.210383333333,12146.727533333333,160.48285,0.0,true,DEFAULT-,-5814032274792701469,0,1317448,625,1119,1119,62,46,0,88.62715,71.8557,3335.135611003695,499,1119
12349.6827,12220.873966666666,128.80873333333332,0.0,true,DEFAULT-,5519470499984739720,0,1271534,625,1119,1119,75,59,0,82.18776666666666,46.62096666666667,3372.414002495928,489,1119
12334.3753,12208.6799,125.6954,0.0,true,DEFAULT-,-570648509535936272,0,1278262,625,1119,1119,68,58,0,79.35891666666667,46.336483333333334,3368.037719496343,488,1119
12390.793316666666,12243.4299,147.36341666666667,0.0,true,DEFAULT-,-5814032274792701469,0,1199825,625,1119,1119,62,51,0,94.64261666666667,52.7208,3361.0262364975106,494,1119
