cost,travel_time,tardiness,over_time,is_valid,scenario_id,random_seed,repetition,comp_time,num_vehicles,num_orders,num_accepted_orders,num_reauctions,num_unsuc_reauctions,num_failed_reauctions,pickup_tardiness,delivery_tardiness,travel_distance,moved_vehicles,num_delivered_orders
8918.435966666666,8002.92815,915.5078166666667,0.0,true,DEFAULT-,5519470499984739720,0,3543551,313,560,560,0,0,0,457.75286666666665,457.75495,2212.104760215812,303,560
8991.528066666666,8039.549983333333,951.9780833333333,0.0,true,DEFAULT-,-570648509535936272,0,3558869,313,560,560,0,0,0,475.98805,475.9900333333333,2221.8122857953094,302,560
8956.3187,8022.054,934.2564,0.0083,true,DEFAULT-,-5814032274792701469,0,3611534,313,560,560,0,0,0,467.1272333333333,467.12916666666666,2221.3170807128363,305,560
8979.751516666667,8128.629833333333,851.1216833333333,0.0,true,DEFAULT-,5519470499984739720,0,3525511,312,559,559,0,0,0,425.5602,425.56148333333334,2276.825022827246,309,559
8889.729800000001,8103.39195,786.33785,0.0,true,DEFAULT-,-570648509535936272,0,3564698,312,559,559,0,0,0,393.16818333333333,393.16966666666667,2268.474519993132,311,559
8767.811366666667,8064.498883333334,703.3124833333334,0.0,true,DEFAULT-,-5814032274792701469,0,3698434,312,559,559,0,0,0,351.6556,351.6568833333333,2257.337514259066,311,559
9174.477083333333,8246.174733333333,928.30235,0.0,true,DEFAULT-,5519470499984739720,0,3657806,312,559,559,0,0,0,464.15006666666665,464.15228333333334,2301.0057880601357,304,559
9131.016333333333,8230.556066666666,900.4602666666667,0.0,true,DEFAULT-,-570648509535936272,0,3610884,312,559,559,0,0,0,450.22908333333334,450.2311833333333,2300.06836669088,301,559
9217.8759,8265.201733333333,952.6741666666667,0.0,true,DEFAULT-,-5814032274792701469,0,3632421,312,559,559,0,0,0,476.33588333333336,476.3382833333333,2303.7046385795184,302,559
