cost,travel_time,tardiness,over_time,is_valid,scenario_id,random_seed,repetition,comp_time,num_vehicles,num_orders,num_accepted_orders,num_reauctions,num_unsuc_reauctions,num_failed_reauctions,pickup_tardiness,delivery_tardiness,travel_distance,moved_vehicles,num_delivered_orders
7856.57355,7588.026866666667,262.1800333333333,6.36665,true,DEFAULT-,5519470499984739720,0,683384,313,560,560,6,0,0,131.08968333333334,131.09035,2114.3671435016677,279,560
7856.57355,7588.026866666667,262.1800333333333,6.36665,true,DEFAULT-,-570648509535936272,0,683068,313,560,560,6,0,0,131.08968333333334,131.09035,2114.3671435016677,280,560
7856.57355,7588.026866666667,262.1800333333333,6.36665,true,DEFAULT-,-5814032274792701469,0,682151,313,560,560,6,0,0,131.08968333333334,131.09035,2114.367143501667,279,560
7961.19485,7687.669266666667,273.5255833333333,0.0,true,DEFAULT-,5519470499984739720,0,694077,312,559,559,5,1,0,136.7625,136.76308333333333,2163.4255620011813,277,559
7979.275933333333,7694.376366666666,284.89956666666666,0.0,true,DEFAULT-,-570648509535936272,0,694372,312,559,559,6,1,0,142.44951666666665,142.45005,2164.7646620011296,278,559
7979.175933333333,7694.376366666666,284.7995666666667,0.0,true,DEFAULT-,-5814032274792701469,0,691568,312,559,559,6,1,0,142.39951666666667,142.40005,2164.7646620011305,277,559
8094.061316666666,7835.536866666666,251.86613333333332,6.658316666666667,true,DEFAULT-,5519470499984739720,0,666970,312,559,559,5,0,0,125.93251666666667,125.93361666666667,2191.9602019981508,275,559
8094.052983333333,7835.536866666666,251.8578,6.658316666666667,true,DEFAULT-,-570648509535936272,0,667075,312,559,559,5,0,0,125.92835,125.92945,2191.9602019981508,276,559
8094.027983333333,7835.536866666666,251.8328,6.658316666666667,true,DEFAULT-,-5814032274792701469,0,666804,312,559,559,5,0,0,125.91585,125.91695,2191.9602019981508,277,559
