cost,travel_time,tardiness,over_time,is_valid,scenario_id,random_seed,repetition,comp_time,num_vehicles,num_orders,num_accepted_orders,num_reauctions,num_unsuc_reauctions,num_failed_reauctions,pickup_tardiness,delivery_tardiness,travel_distance,moved_vehicles,num_delivered_orders
7674.83265,7595.3303166666665,73.72735,5.774983333333333,true,DEFAULT-,5519470499984739720,0,680080,313,560,560,0,0,0,36.863616666666665,36.863733333333336,2113.7745040014565,280,560
7674.83265,7595.3303166666665,73.72735,5.774983333333333,true,DEFAULT-,-570648509535936272,0,678386,313,560,560,0,0,0,36.863616666666665,36.863733333333336,2113.7745040014565,278,560
7674.83265,7595.3303166666665,73.72735,5.774983333333333,true,DEFAULT-,-5814032274792701469,0,679910,313,560,560,0,0,0,36.863616666666665,36.863733333333336,2113.774504001456,281,560
7704.500016666667,7665.60825,38.89176666666667,0.0,true,DEFAULT-,5519470499984739720,0,680311,312,559,559,0,0,0,19.445883333333335,19.445883333333335,2154.2769170009733,280,559
7704.500016666667,7665.60825,38.89176666666667,0.0,true,DEFAULT-,-570648509535936272,0,680155,312,559,559,0,0,0,19.445883333333335,19.445883333333335,2154.276917000974,277,559
7704.500016666667,7665.60825,38.89176666666667,0.0,true,DEFAULT-,-5814032274792701469,0,680616,312,559,559,0,0,0,19.445883333333335,19.445883333333335,2154.2769170009733,278,559
