cost,travel_time,tardiness,over_time,is_valid,scenario_id,random_seed,repetition,comp_time,num_vehicles,num_orders,num_accepted_orders,num_reauctions,num_unsuc_reauctions,num_failed_reauctions,pickup_tardiness,delivery_tardiness,travel_distance,moved_vehicles,num_delivered_orders
8663.987533333335,8232.703916666667,431.28361666666666,0.0,true,DEFAULT-,5519470499984739720,0,3621670,313,560,560,0,0,0,215.6415,215.64211666666668,2270.2230775613384,305,560
8686.097983333333,8212.1018,460.1503666666667,13.845816666666666,true,DEFAULT-,-570648509535936272,0,3635126,313,560,560,0,0,0,230.07473333333334,230.07563333333334,2272.5039196521593,304,560
8850.590849999999,8301.01025,549.4223,0.1583,true,DEFAULT-,-5814032274792701469,0,3595327,313,560,560,0,0,0,274.7107,274.7116,2286.1696598753597,304,560
8715.166466666666,8328.16895,386.9975166666667,0.0,true,DEFAULT-,5519470499984739720,0,3550202,312,559,559,0,0,0,193.49846666666667,193.49905,2320.136259347391,309,559
8670.09505,8344.780433333333,325.31461666666667,0.0,true,DEFAULT-,-570648509535936272,0,3622961,312,559,559,0,0,0,162.65695,162.65766666666667,2324.1850253626503,308,559
8677.318516666668,8333.557,343.7615166666667,0.0,true,DEFAULT-,-5814032274792701469,0,3623500,312,559,559,0,0,0,171.88023333333334,171.88128333333333,2326.4860444350347,311,559
8916.311,8458.899133333332,457.41186666666664,0.0,true,DEFAULT-,5519470499984739720,0,3597027,312,559,559,0,0,0,228.70546666666667,228.7064,2355.5891722578094,307,559
8880.283816666666,8438.99,441.29381666666666,0.0,true,DEFAULT-,-570648509535936272,0,3612352,312,559,559,0,0,0,220.64635,220.64746666666667,2351.5122819740413,306,559
8896.6996,8447.282883333333,449.4167166666667,0.0,true,DEFAULT-,-5814032274792701469,0,3627047,312,559,559,0,0,0,224.70778333333334,224.70893333333333,2348.8821685643547,304,559
