cost,travel_time,tardiness,over_time,is_valid,scenario_id,random_seed,repetition,comp_time,num_vehicles,num_orders,num_accepted_orders,num_reauctions,num_unsuc_reauctions,num_failed_reauctions,pickup_tardiness,delivery_tardiness,travel_distance,moved_vehicles,num_delivered_orders
41667.59058333334,37485.50725,4169.60005,12.483283333333333,true,DEFAULT-,5519470499984739720,0,4568807,1251,2240,2240,0,0,0,2792.12895,1377.4711,10214.182382400275,1244,2240
41094.403966666665,37219.50968333333,3868.902633333333,5.99165,true,DEFAULT-,-570648509535936272,0,4503961,1251,2240,2240,0,0,0,2425.9191666666666,1442.9834666666666,10142.238008487233,1247,2240
40992.78875,37143.7227,3849.06605,0.0,true,DEFAULT-,-5814032274792701469,0,4464384,1251,2240,2240,0,0,0,2503.10805,1345.958,10114.71322289343,1243,2240
79935.7262,34814.678933333336,45121.04726666667,0.0,true,DEFAULT-,5519470499984739720,0,5275722,1251,2239,2239,0,0,0,24834.3587,20286.688566666668,9520.44246363564,1251,2239
41647.50653333333,37678.88805,3968.618483333333,0.0,true,DEFAULT-,-570648509535936272,0,4626682,1251,2239,2239,0,0,0,2586.26185,1382.3566333333333,10195.775640541715,1249,2239
41149.5693,37364.05835,3765.1859833333333,20.32496666666667,true,DEFAULT-,-5814032274792701469,0,4375164,1251,2239,2239,0,0,0,2442.52005,1322.6659333333334,10106.213508692445,1250,2239
42215.07406666667,37981.350183333336,4233.723883333333,0.0,true,DEFAULT-,5519470499984739720,0,4680767,1251,2239,2239,0,0,0,2800.50265,1433.2212333333334,10384.905375355605,1246,2239
41960.65720000001,37883.92901666667,4072.165716666667,4.5624666666666664,true,DEFAULT-,-570648509535936272,0,4489810,1251,2239,2239,0,0,0,2661.54125,1410.6244666666666,10382.374661945589,1245,2239
41624.9425,37631.446066666664,3988.6881333333336,4.8083,true,DEFAULT-,-5814032274792701469,0,4700418,1251,2239,2239,0,0,0,2587.6442166666666,1401.0439166666667,10318.668647182638,1243,2239
