cost,travel_time,tardiness,over_time,is_valid,scenario_id,random_seed,repetition,comp_time,num_vehicles,num_orders,num_accepted_orders,num_reauctions,num_unsuc_reauctions,num_failed_reauctions,pickup_tardiness,delivery_tardiness,travel_distance,moved_vehicles,num_delivered_orders
34396.15186666667,32824.28456666667,1571.8673,0.0,true,DEFAULT-,5519470499984739720,0,4392426,1251,2240,2240,0,0,0,785.9323333333333,785.9349666666667,9174.28516057755,1227,2240
33711.54865,32511.4092,1196.1311333333333,4.0083166666666665,true,DEFAULT-,-570648509535936272,0,4254177,1251,2240,2240,0,0,0,598.0643,598.0668333333333,9111.045097932882,1228,2240
33935.23265,32780.219983333336,1152.4210333333333,2.5916333333333332,true,DEFAULT-,5519470499984739720,0,4374525,1251,2239,2239,0,0,0,576.2088,576.2122333333333,9113.66304667522,1243,2239
34027.53573333333,32819.54998333333,1205.9149333333332,2.0708166666666665,true,DEFAULT-,-570648509535936272,0,4472769,1251,2239,2239,0,0,0,602.9555,602.9594333333333,9142.48658719684,1241,2239
33984.73261666667,32801.855683333335,1182.50195,0.37498333333333334,true,DEFAULT-,-5814032274792701469,0,4297614,1251,2239,2239,0,0,0,591.2495666666666,591.2523833333333,9136.33110166886,1239,2239
34572.109516666664,33254.78573333333,1308.4821333333334,8.84165,true,DEFAULT-,5519470499984739720,0,4258862,1251,2239,2239,0,0,0,654.2392833333333,654.24285,9377.177412307434,1230,2239
34768.053283333335,33285.24856666667,1466.5630833333332,16.241633333333333,true,DEFAULT-,-570648509535936272,0,4230131,1251,2239,2239,0,0,0,733.2798666666666,733.2832166666667,9384.171500943079,1228,2239
34582.431366666664,33350.54033333333,1231.3369,0.5541333333333334,true,DEFAULT-,-5814032274792701469,0,4076359,1251,2239,2239,0,0,0,615.6665833333333,615.6703166666666,9392.795662106431,1223,2239
34166.24201666666,32656.16835,1510.0736666666667,0.0,true,DEFAULT-,-5814032274792701469,0,4589128,1251,2240,2240,0,0,0,755.0354,755.0382666666667,9135.520282539539,1225,2240
