cost,travel_time,tardiness,over_time,is_valid,scenario_id,random_seed,repetition,comp_time,num_vehicles,num_orders,num_accepted_orders,num_reauctions,num_unsuc_reauctions,num_failed_reauctions,pickup_tardiness,delivery_tardiness,travel_distance,moved_vehicles,num_delivered_orders
33703.3847,32381.847016666667,1321.5376833333332,0.0,true,DEFAULT-,5519470499984739720,0,4238392,1251,2240,2240,0,0,0,660.7675833333333,660.7701,9082.342961140565,1227,2240
33604.2007,32327.044066666665,1274.7733166666667,2.3833166666666665,true,DEFAULT-,-570648509535936272,0,4446935,1251,2240,2240,0,0,0,637.3854833333334,637.3878333333333,9076.055409689254,1227,2240
33818.62235,32480.165166666666,1338.4571833333334,0.0,true,DEFAULT-,-5814032274792701469,0,4527952,1251,2240,2240,0,0,0,669.2275833333333,669.2296,9102.39787762038,1228,2240
