cost,travel_time,tardiness,over_time,is_valid,scenario_id,random_seed,repetition,comp_time,num_vehicles,num_orders,num_accepted_orders,num_reauctions,num_unsuc_reauctions,num_failed_reauctions,pickup_tardiness,delivery_tardiness,travel_distance,moved_vehicles,num_delivered_orders
33703.3847,32381.847016666667,1321.5376833333332,0.0,true,DEFAULT-,5519470499984739720,0,4238392,1251,2240,2240,0,0,0,660.7675833333333,660.7701,9082.342961140565,1227,2240
33604.2007,32327.044066666665,1274.7733166666667,2.3833166666666665,true,DEFAULT-,-570648509535936272,0,4446935,1251,2240,2240,0,0,0,637.3854833333334,637.3878333333333,9076.055409689254,1227,2240
33818.62235,32480.165166666666,1338.4571833333334,0.0,true,DEFAULT-,-5814032274792701469,0,4527952,1251,2240,2240,0,0,0,669.2275833333333,669.2296,9102.39787762038,1228,2240
33615.67105,32579.464416666666,1036.2066333333332,0.0,true,DEFAULT-,5519470499984739720,0,4294119,1251,2239,2239,0,0,0,518.1017333333333,518.1049,9089.879350899548,1241,2239
33703.85791666667,32546.6244,1156.83355,0.3999666666666667,true,DEFAULT-,-570648509535936272,0,4148899,1251,2239,2239,0,0,0,578.4158666666667,578.4176833333333,9073.597102893362,1240,2239
33619.57055,32480.759233333334,1137.2363333333333,1.5749833333333334,true,DEFAULT-,-5814032274792701469,0,4436005,1251,2239,2239,0,0,0,568.6167,568.6196333333334,9061.840545301136,1242,2239
34320.020366666664,33114.10625,1204.9724833333332,0.9416333333333333,true,DEFAULT-,5519470499984739720,0,4541750,1251,2239,2239,0,0,0,602.4847,602.4877833333334,9347.984881785758,1226,2239
34503.84865,33170.8056,1333.04305,0.0,true,DEFAULT-,-570648509535936272,0,4303671,1251,2239,2239,0,0,0,666.52015,666.5229,9354.163473128276,1230,2239
34621.59413333333,33271.03961666667,1349.62955,0.9249666666666667,true,DEFAULT-,-5814032274792701469,0,4512623,1251,2239,2239,0,0,0,674.8134166666666,674.8161333333334,9393.962137223638,1223,2239
