cost,travel_time,tardiness,over_time,is_valid,scenario_id,random_seed,repetition,comp_time,num_vehicles,num_orders,num_accepted_orders,num_reauctions,num_unsuc_reauctions,num_failed_reauctions,pickup_tardiness,delivery_tardiness,travel_distance,moved_vehicles,num_delivered_orders
17967.140000000003,17452.285583333334,514.51695,0.3374666666666667,true,DEFAULT-,5519470499984739720,0,4054724,626,1120,1120,0,0,0,257.2579166666667,257.2590333333333,4794.023186616128,613,1120
17712.46025,17258.712116666666,453.7481333333333,0.0,true,DEFAULT-,-570648509535936272,0,3970338,626,1120,1120,0,0,0,226.87333333333333,226.8748,4747.182688441273,617,1120
17938.948916666664,17397.742733333333,541.2061833333333,0.0,true,DEFAULT-,-5814032274792701469,0,3919803,626,1120,1120,0,0,0,270.60275,270.6034333333333,4768.530022436942,618,1120
18133.235483333334,17548.34775,584.8877333333334,0.0,true,DEFAULT-,5519470499984739720,0,4162908,625,1119,1119,0,0,0,292.4433833333333,292.44435,4876.550075932187,619,1119
17915.5574,17427.823283333335,472.07581666666664,15.6583,true,DEFAULT-,-570648509535936272,0,3979259,625,1119,1119,0,0,0,236.03728333333333,236.03853333333333,4839.933354605451,622,1119
18152.533783333332,17582.895333333334,569.63845,0.0,true,DEFAULT-,-5814032274792701469,0,4140378,625,1119,1119,0,0,0,284.81856666666664,284.81988333333334,4879.941026940279,623,1119
18129.669716666667,17610.565516666666,519.1042,0.0,true,DEFAULT-,5519470499984739720,0,4035936,625,1119,1119,0,0,0,259.55133333333333,259.55286666666666,4890.019768522699,618,1119
18349.608933333333,17793.620066666666,528.9972166666666,26.99165,true,DEFAULT-,-570648509535936272,0,4136784,625,1119,1119,0,0,0,264.4977666666667,264.49945,4932.230209197277,618,1119
18242.108366666664,17689.474516666665,552.63385,0.0,true,DEFAULT-,-5814032274792701469,0,4102363,625,1119,1119,0,0,0,276.31603333333334,276.31781666666666,4904.847844747191,621,1119
